{"cierre":"1 de noviembre de 2018","total-datos":42,"ultimo-dato":"MGydRANbUO","datos":[{"RESTAURANTES":"EL PESCADOR","HABITACION":"PRE-SELECCIONADA","LOCATA":"18322","OBSERVACIONES":"Sra. Laponte","HORA":"7:00pm","FECHA":"1 de enero de 2019","C.ADULTOS":"8","C.NINOS":"0","KEY":"buOEUVfV9m"},{"RESTAURANTES":"IL CAPPRICIO","HABITACION":"PRE-SELECCIONADA","LOCATA":"18322","OBSERVACIONES":"Sra. Laponte","FECHA":"31 de diciembre de 2018","HORA":"7:00pm","C.ADULTOS":"8","C.NINOS":"0","KEY":"cx7WSI7TS6"},{"RESTAURANTES":"LE GOURMET","HABITACION":"PRE-SELECCIONADA","LOCATA":"20938","OBSERVACIONES":"Sr. Myers","HORA":"7:00pm","FECHA":"3 de diciembre de 2018","C.ADULTOS":"2","C.NINOS":"0","KEY":"O6e5ZvNoKZ"},{"RESTAURANTES":"IL CAPPRICIO","HABITACION":"PRE-SELECCIONADA","LOCATA":"20938","OBSERVACIONES":"Sr. Myers","FECHA":"4 de diciembre de 2018","HORA":"7:30pm","C.ADULTOS":"2","C.NINOS":"0","KEY":"r4W2fGe8KZ"},{"RESTAURANTES":"EL PESCADOR","HABITACION":"05500","LOCATA":"20938","OBSERVACIONES":"Sr. Myers","HORA":"7:30pm","FECHA":"5 de diciembre de 2018","C.ADULTOS":"2","C.NINOS":"0","KEY":"aJDp4tLTRL"},{"RESTAURANTES":"LE GOURMET","HABITACION":"PRE-SELECCIONADA","LOCATA":"18114","OBSERVACIONES":"Sres. Hargrane","FECHA":"5 de diciembre de 2018","HORA":"6:30pm","C.ADULTOS":"2","C.NINOS":"0","KEY":"zMAtGBn5D8"},{"RESTAURANTES":"DON PABLO","HABITACION":"PRE-SELECCIONADA","LOCATA":"18114","OBSERVACIONES":"Sres. Hargrave","FECHA":"6 de diciembre de 2018","HORA":"6:30pm","C.ADULTOS":"2","C.NINOS":"0","KEY":"lktfmCDaxA"},{"RESTAURANTES":"IL CAPPRICIO","HABITACION":"PRE-SELECCIONADA","LOCATA":"18114","OBSERVACIONES":"Sres. Hargrave","FECHA":"7 de diciembre de 2018","HORA":"6:30pm","C.ADULTOS":"2","C.NINOS":"0","KEY":"ycufvzqlGS"},{"RESTAURANTES":"LE GOURMET","HABITACION":"PRE-SELECCIONADA","LOCATA":"8494","OBSERVACIONES":"Sr. Keir","FECHA":"15 de diciembre de 2018","HORA":"7:00pm","C.ADULTOS":"4","C.NINOS":"0","KEY":"D53tszR0K1"},{"RESTAURANTES":"DON PABLO","HABITACION":"PRE-SELECCIONADA","LOCATA":"8494","OBSERVACIONES":"Sr. Keir","FECHA":"16 de diciembre de 2018","HORA":"7:00PM","C.ADULTOS":"4","C.NINOS":"0","KEY":"yizXc7OIEh"},{"RESTAURANTES":"EL PESCADOR","HABITACION":"PRE-SELECCIONADA","LOCATA":"8494","OBSERVACIONES":"Sr. Keir","FECHA":"17 de diciembre de 2018","HORA":"7:00pm","C.ADULTOS":"4","C.NINOS":"0","KEY":"uTZeZOHqGd"},{"RESTAURANTES":"TAKARA","HABITACION":"PRE-SELECCIONADA","LOCATA":"8494","OBSERVACIONES":"Sr. Keir","FECHA":"18 de diciembre de 2018","HORA":"7:00pm","C.ADULTOS":"4","C.NINOS":"0","KEY":"6tudQYgVTu"},{"RESTAURANTES":"LE GOURMET","HABITACION":"PRE-SELECCIONADA","LOCATA":"8494","OBSERVACIONES":"Sr. Keir","FECHA":"19 de diciembre de 2018","HORA":"7:00pm","C.ADULTOS":"4","C.NINOS":"0","KEY":"ZEuS2irI8V"},{"RESTAURANTES":"RODIZIO","HABITACION":"PRE-SELECCIONADA","LOCATA":"8494","OBSERVACIONES":"Sr. Keir","FECHA":"20 de diciembre de 2018","HORA":"7:00pm","C.ADULTOS":"4","C.NINOS":"0","KEY":"E8iZucYo2p"},{"RESTAURANTES":"DON PABLO","HABITACION":"PRE-SELECCIONADA","LOCATA":"8494","OBSERVACIONES":"Sr. Keir","FECHA":"21 de diciembre de 2018","HORA":"7:00pm","C.ADULTOS":"4","C.NINOS":"0","KEY":"BsItHlBJKN"},{"RESTAURANTES":"IL CAPPRICIO","HABITACION":"PRE-SELECCIONADA","LOCATA":"21037","OBSERVACIONES":"Sra. McCallion","FECHA":"5 de diciembre de 2018","HORA":"7:00pm","C.ADULTOS":"2","C.NINOS":"0","KEY":"WwsKVoMbCV"},{"RESTAURANTES":"LE GOURMET","HABITACION":"PRE-SELECCIONADA","LOCATA":"21037","OBSERVACIONES":"Sra. McCallion","FECHA":"6 de diciembre de 2018","HORA":"7:00pm","C.ADULTOS":"2","C.NINOS":"0","KEY":"YS3En1lOjW"},{"RESTAURANTES":"DON PABLO","HABITACION":"PRE-SELECCIONADA","LOCATA":"21037","OBSERVACIONES":"Sra. McCallion","FECHA":"7 de diciembre de 2018","HORA":"7:00pm","C.ADULTOS":"2","C.NINOS":"0","KEY":"NiFn504fBh"},{"RESTAURANTES":"DON PABLO","HABITACION":"PRE-SELECCIONADA","LOCATA":"23475","OBSERVACIONES":"Sr. Francine","FECHA":"1 de enero de 2019","HORA":"7:00pm","C.ADULTOS":"2","C.NINOS":"0","KEY":"ocTB71rnHW"},{"RESTAURANTES":"RODIZIO","HABITACION":"PRE-SELECCIONADA","LOCATA":"23475","OBSERVACIONES":"Sr. Francine","FECHA":"2 de enero de 2019","HORA":"7:00pm","C.ADULTOS":"2","C.NINOS":"0","KEY":"ciQokCFNHx"},{"RESTAURANTES":"TAKARA","HABITACION":"PRE-SELECCIONADA","LOCATA":"23475","OBSERVACIONES":"Sr. Francine","FECHA":"3 de enero de 2019","HORA":"7:00pm","C.ADULTOS":"2","C.NINOS":"0","KEY":"IU6XAAdePP"},{"RESTAURANTES":"IL CAPPRICIO","HABITACION":"PRE-SELECCIONADA","LOCATA":"20794","OBSERVACIONES":"Sres. Grondin","FECHA":"6 de diciembre de 2018","HORA":"7:00pm","C.ADULTOS":"2","C.NINOS":"0","KEY":"tKaUnZfqwl"}]}